"","baseMean","log2FoldChange","lfcSE","stat","pvalue","padj"
"ENSG00000229807",660.236492948275,10.7757451294411,1.95046694346871,5.52470020859595,3.30048682922503e-08,0.00073746077712204
